<application>
  <component name="AbbreviationManager">
    <abbreviations>
      <action id="Vcs.UpdateProject" />
      <action id="GenerateJavadoc" />
      <action id="EditorDuplicateLines" />
      <action id="ExpandTreeNode" />
      <action id="RunTargetAction" />
      <action id="MoveLineUp" />
      <action id="ExpandExpandableComponent" />
      <action id="CheckinProject" />
      <action id="NewScratchFile">
        <abbreviation name="ALT+T" />
      </action>
      <action id="Find">
        <abbreviation name="Ctrl+Q" />
      </action>
      <action id="MoveLineDown" />
      <action id="Vcs.Push" />
      <action id="RunClass">
        <abbreviation name="F1" />
      </action>
      <action id="ExpandAll" />
      <action id="CollapseExpandableComponent" />
    </abbreviations>
  </component>
</application>