<application>
  <component name="ExternalResourceManagerImpl">
    <resource url="http://mybatis.org/dtd/mybatis-generator-config_1_0.dtd" location="$USER_HOME$/.IntelliJIdea2019.3/system/extResources/cf63db72_mybatis-generator-config_1_0.dtd" />
    <resource url="http://soap.sforce.com/2006/04/metadata" location="$APPLICATION_PLUGINS_DIR$/IlluminatedCloud2/lib/IlluminatedCloud.jar!/xsd/metadata.xsd" />
    <resource url="http://www.w3.org/2001/xml.xsd" location="$USER_HOME$/.IntelliJIdea2017.2/system/extResources/9b192256_xml.xsd" />
    <resource url="http://www.zeroturnaround.com" location="$USER_HOME$/.IntelliJIdea2019.3/system/extResources/20b583dc_rebel-2_1.xsd" />
    <resource url="http://xmlns.jcp.org/xml/ns/javaee/web-app_3_1.xsd" location="$USER_HOME$/.IntelliJIdea2017.2/system/extResources/27c071c8_web-app_3_1.xsd" />
    <resource url="urn:metadata.tooling.soap.sforce.com" location="$APPLICATION_PLUGINS_DIR$/IlluminatedCloud2/lib/IlluminatedCloud.jar!/xsd/metadata.xsd" />
  </component>
</application>