<application>
  <component name="AbbreviationManager">
    <abbreviations>
      <action id="Vcs.Push">
        <abbreviation name="Ctrl+Shift+K" />
      </action>
      <action id="CheckinProject">
        <abbreviation name="Alt+K" />
      </action>
      <action id="GenerateJavadoc" />
      <action id="Vcs.UpdateProject">
        <abbreviation name="Alt+U" />
      </action>
      <action id="EditorDuplicateLines">
        <abbreviation name="Alt+C" />
      </action>
      <action id="NewScratchFile">
        <abbreviation name="ALT+T" />
      </action>
      <action id="RunTargetAction" />
      <action id="ExpandExpandableComponent" />
      <action id="RunClass">
        <abbreviation name="F1" />
      </action>
      <action id="ExpandTreeNode" />
      <action id="MoveLineUp">
        <abbreviation name="Ctrl+Up" />
      </action>
      <action id="ExpandAll" />
      <action id="CollapseExpandableComponent" />
      <action id="MoveLineDown">
        <abbreviation name="Ctrl+Down" />
      </action>
      <action id="Find">
        <abbreviation name="Ctrl+Q" />
      </action>
    </abbreviations>
  </component>
</application>