<application>
  <component name="ProjectJdkTable">
    <jdk version="2">
      <name value="1.8" />
      <type value="JavaSDK" />
      <version value="java version &quot;1.8.0_202&quot;" />
      <homePath value="C:/Program Files/Java/jdk1.8.0_202" />
      <roots>
        <annotationsPath>
          <root type="composite">
            <root url="jar://$APPLICATION_HOME_DIR$/lib/jdkAnnotations.jar!/" type="simple" />
          </root>
        </annotationsPath>
        <classPath>
          <root type="composite">
            <root url="jar://C:/Program Files/Java/jdk1.8.0_202/jre/lib/charsets.jar!/" type="simple" />
            <root url="jar://C:/Program Files/Java/jdk1.8.0_202/jre/lib/deploy.jar!/" type="simple" />
            <root url="jar://C:/Program Files/Java/jdk1.8.0_202/jre/lib/ext/access-bridge-64.jar!/" type="simple" />
            <root url="jar://C:/Program Files/Java/jdk1.8.0_202/jre/lib/ext/cldrdata.jar!/" type="simple" />
            <root url="jar://C:/Program Files/Java/jdk1.8.0_202/jre/lib/ext/dnsns.jar!/" type="simple" />
            <root url="jar://C:/Program Files/Java/jdk1.8.0_202/jre/lib/ext/jaccess.jar!/" type="simple" />
            <root url="jar://C:/Program Files/Java/jdk1.8.0_202/jre/lib/ext/jfxrt.jar!/" type="simple" />
            <root url="jar://C:/Program Files/Java/jdk1.8.0_202/jre/lib/ext/localedata.jar!/" type="simple" />
            <root url="jar://C:/Program Files/Java/jdk1.8.0_202/jre/lib/ext/nashorn.jar!/" type="simple" />
            <root url="jar://C:/Program Files/Java/jdk1.8.0_202/jre/lib/ext/sunec.jar!/" type="simple" />
            <root url="jar://C:/Program Files/Java/jdk1.8.0_202/jre/lib/ext/sunjce_provider.jar!/" type="simple" />
            <root url="jar://C:/Program Files/Java/jdk1.8.0_202/jre/lib/ext/sunmscapi.jar!/" type="simple" />
            <root url="jar://C:/Program Files/Java/jdk1.8.0_202/jre/lib/ext/sunpkcs11.jar!/" type="simple" />
            <root url="jar://C:/Program Files/Java/jdk1.8.0_202/jre/lib/ext/zipfs.jar!/" type="simple" />
            <root url="jar://C:/Program Files/Java/jdk1.8.0_202/jre/lib/javaws.jar!/" type="simple" />
            <root url="jar://C:/Program Files/Java/jdk1.8.0_202/jre/lib/jce.jar!/" type="simple" />
            <root url="jar://C:/Program Files/Java/jdk1.8.0_202/jre/lib/jfr.jar!/" type="simple" />
            <root url="jar://C:/Program Files/Java/jdk1.8.0_202/jre/lib/jfxswt.jar!/" type="simple" />
            <root url="jar://C:/Program Files/Java/jdk1.8.0_202/jre/lib/jsse.jar!/" type="simple" />
            <root url="jar://C:/Program Files/Java/jdk1.8.0_202/jre/lib/management-agent.jar!/" type="simple" />
            <root url="jar://C:/Program Files/Java/jdk1.8.0_202/jre/lib/plugin.jar!/" type="simple" />
            <root url="jar://C:/Program Files/Java/jdk1.8.0_202/jre/lib/resources.jar!/" type="simple" />
            <root url="jar://C:/Program Files/Java/jdk1.8.0_202/jre/lib/rt.jar!/" type="simple" />
          </root>
        </classPath>
        <javadocPath>
          <root type="composite" />
        </javadocPath>
        <sourcePath>
          <root type="composite">
            <root url="jar://C:/Program Files/Java/jdk1.8.0_202/src.zip!/" type="simple" />
            <root url="jar://C:/Program Files/Java/jdk1.8.0_202/javafx-src.zip!/" type="simple" />
          </root>
        </sourcePath>
      </roots>
      <additional />
    </jdk>
    <jdk version="2">
      <name value="1.8 (1)" />
      <type value="JavaSDK" />
      <version value="java version &quot;1.8.0_72&quot;" />
      <homePath value="D:/Program Files/Java/jdk1.8.0_72" />
      <roots>
        <annotationsPath>
          <root type="composite">
            <root url="jar://$APPLICATION_HOME_DIR$/plugins/java/lib/jdkAnnotations.jar!/" type="simple" />
          </root>
        </annotationsPath>
        <classPath>
          <root type="composite">
            <root url="jar://D:/Program Files/Java/jdk1.8.0_72/jre/lib/charsets.jar!/" type="simple" />
            <root url="jar://D:/Program Files/Java/jdk1.8.0_72/jre/lib/deploy.jar!/" type="simple" />
            <root url="jar://D:/Program Files/Java/jdk1.8.0_72/jre/lib/ext/access-bridge-64.jar!/" type="simple" />
            <root url="jar://D:/Program Files/Java/jdk1.8.0_72/jre/lib/ext/cldrdata.jar!/" type="simple" />
            <root url="jar://D:/Program Files/Java/jdk1.8.0_72/jre/lib/ext/dnsns.jar!/" type="simple" />
            <root url="jar://D:/Program Files/Java/jdk1.8.0_72/jre/lib/ext/jaccess.jar!/" type="simple" />
            <root url="jar://D:/Program Files/Java/jdk1.8.0_72/jre/lib/ext/jfxrt.jar!/" type="simple" />
            <root url="jar://D:/Program Files/Java/jdk1.8.0_72/jre/lib/ext/localedata.jar!/" type="simple" />
            <root url="jar://D:/Program Files/Java/jdk1.8.0_72/jre/lib/ext/nashorn.jar!/" type="simple" />
            <root url="jar://D:/Program Files/Java/jdk1.8.0_72/jre/lib/ext/sunec.jar!/" type="simple" />
            <root url="jar://D:/Program Files/Java/jdk1.8.0_72/jre/lib/ext/sunjce_provider.jar!/" type="simple" />
            <root url="jar://D:/Program Files/Java/jdk1.8.0_72/jre/lib/ext/sunmscapi.jar!/" type="simple" />
            <root url="jar://D:/Program Files/Java/jdk1.8.0_72/jre/lib/ext/sunpkcs11.jar!/" type="simple" />
            <root url="jar://D:/Program Files/Java/jdk1.8.0_72/jre/lib/ext/zipfs.jar!/" type="simple" />
            <root url="jar://D:/Program Files/Java/jdk1.8.0_72/jre/lib/javaws.jar!/" type="simple" />
            <root url="jar://D:/Program Files/Java/jdk1.8.0_72/jre/lib/jce.jar!/" type="simple" />
            <root url="jar://D:/Program Files/Java/jdk1.8.0_72/jre/lib/jfr.jar!/" type="simple" />
            <root url="jar://D:/Program Files/Java/jdk1.8.0_72/jre/lib/jfxswt.jar!/" type="simple" />
            <root url="jar://D:/Program Files/Java/jdk1.8.0_72/jre/lib/jsse.jar!/" type="simple" />
            <root url="jar://D:/Program Files/Java/jdk1.8.0_72/jre/lib/management-agent.jar!/" type="simple" />
            <root url="jar://D:/Program Files/Java/jdk1.8.0_72/jre/lib/plugin.jar!/" type="simple" />
            <root url="jar://D:/Program Files/Java/jdk1.8.0_72/jre/lib/resources.jar!/" type="simple" />
            <root url="jar://D:/Program Files/Java/jdk1.8.0_72/jre/lib/rt.jar!/" type="simple" />
          </root>
        </classPath>
        <javadocPath>
          <root type="composite" />
        </javadocPath>
        <sourcePath>
          <root type="composite">
            <root url="jar://D:/Program Files/Java/jdk1.8.0_72/src.zip!/" type="simple" />
            <root url="jar://D:/Program Files/Java/jdk1.8.0_72/javafx-src.zip!/" type="simple" />
          </root>
        </sourcePath>
      </roots>
      <additional />
    </jdk>
    <jdk version="2">
      <name value="1.8.0_161" />
      <type value="JavaSDK" />
      <version value="1.8.0_161" />
      <homePath value="C:/Program Files/Java/jdk1.8.0_161" />
      <roots>
        <annotationsPath>
          <root type="composite">
            <root url="jar://$APPLICATION_HOME_DIR$/lib/jdkAnnotations.jar!/" type="simple" />
          </root>
        </annotationsPath>
        <classPath>
          <root type="composite">
            <root url="jar://C:/Program Files/Java/jdk1.8.0_161/jre/lib/charsets.jar!/" type="simple" />
            <root url="jar://C:/Program Files/Java/jdk1.8.0_161/jre/lib/deploy.jar!/" type="simple" />
            <root url="jar://C:/Program Files/Java/jdk1.8.0_161/jre/lib/ext/access-bridge-64.jar!/" type="simple" />
            <root url="jar://C:/Program Files/Java/jdk1.8.0_161/jre/lib/ext/cldrdata.jar!/" type="simple" />
            <root url="jar://C:/Program Files/Java/jdk1.8.0_161/jre/lib/ext/dnsns.jar!/" type="simple" />
            <root url="jar://C:/Program Files/Java/jdk1.8.0_161/jre/lib/ext/jaccess.jar!/" type="simple" />
            <root url="jar://C:/Program Files/Java/jdk1.8.0_161/jre/lib/ext/jfxrt.jar!/" type="simple" />
            <root url="jar://C:/Program Files/Java/jdk1.8.0_161/jre/lib/ext/localedata.jar!/" type="simple" />
            <root url="jar://C:/Program Files/Java/jdk1.8.0_161/jre/lib/ext/nashorn.jar!/" type="simple" />
            <root url="jar://C:/Program Files/Java/jdk1.8.0_161/jre/lib/ext/sunec.jar!/" type="simple" />
            <root url="jar://C:/Program Files/Java/jdk1.8.0_161/jre/lib/ext/sunjce_provider.jar!/" type="simple" />
            <root url="jar://C:/Program Files/Java/jdk1.8.0_161/jre/lib/ext/sunmscapi.jar!/" type="simple" />
            <root url="jar://C:/Program Files/Java/jdk1.8.0_161/jre/lib/ext/sunpkcs11.jar!/" type="simple" />
            <root url="jar://C:/Program Files/Java/jdk1.8.0_161/jre/lib/ext/zipfs.jar!/" type="simple" />
            <root url="jar://C:/Program Files/Java/jdk1.8.0_161/jre/lib/javaws.jar!/" type="simple" />
            <root url="jar://C:/Program Files/Java/jdk1.8.0_161/jre/lib/jce.jar!/" type="simple" />
            <root url="jar://C:/Program Files/Java/jdk1.8.0_161/jre/lib/jfr.jar!/" type="simple" />
            <root url="jar://C:/Program Files/Java/jdk1.8.0_161/jre/lib/jfxswt.jar!/" type="simple" />
            <root url="jar://C:/Program Files/Java/jdk1.8.0_161/jre/lib/jsse.jar!/" type="simple" />
            <root url="jar://C:/Program Files/Java/jdk1.8.0_161/jre/lib/management-agent.jar!/" type="simple" />
            <root url="jar://C:/Program Files/Java/jdk1.8.0_161/jre/lib/plugin.jar!/" type="simple" />
            <root url="jar://C:/Program Files/Java/jdk1.8.0_161/jre/lib/resources.jar!/" type="simple" />
            <root url="jar://C:/Program Files/Java/jdk1.8.0_161/jre/lib/rt.jar!/" type="simple" />
          </root>
        </classPath>
        <javadocPath>
          <root type="composite" />
        </javadocPath>
        <sourcePath>
          <root type="composite">
            <root url="jar://C:/Program Files/Java/jdk1.8.0_161/src.zip!/" type="simple" />
            <root url="jar://C:/Program Files/Java/jdk1.8.0_161/javafx-src.zip!/" type="simple" />
          </root>
        </sourcePath>
      </roots>
      <additional />
    </jdk>
    <jdk version="2">
      <name value="1.8.0_72" />
      <type value="JavaSDK" />
      <version value="java version &quot;1.8.0_72&quot;" />
      <homePath value="C:/Program Files/Java/jdk1.8.0_72" />
      <roots>
        <annotationsPath>
          <root type="composite">
            <root url="jar://$APPLICATION_HOME_DIR$/plugins/java/lib/jdkAnnotations.jar!/" type="simple" />
          </root>
        </annotationsPath>
        <classPath>
          <root type="composite">
            <root url="jar://C:/Program Files/Java/jdk1.8.0_72/jre/lib/charsets.jar!/" type="simple" />
            <root url="jar://C:/Program Files/Java/jdk1.8.0_72/jre/lib/deploy.jar!/" type="simple" />
            <root url="jar://C:/Program Files/Java/jdk1.8.0_72/jre/lib/ext/access-bridge-64.jar!/" type="simple" />
            <root url="jar://C:/Program Files/Java/jdk1.8.0_72/jre/lib/ext/cldrdata.jar!/" type="simple" />
            <root url="jar://C:/Program Files/Java/jdk1.8.0_72/jre/lib/ext/dnsns.jar!/" type="simple" />
            <root url="jar://C:/Program Files/Java/jdk1.8.0_72/jre/lib/ext/jaccess.jar!/" type="simple" />
            <root url="jar://C:/Program Files/Java/jdk1.8.0_72/jre/lib/ext/jfxrt.jar!/" type="simple" />
            <root url="jar://C:/Program Files/Java/jdk1.8.0_72/jre/lib/ext/localedata.jar!/" type="simple" />
            <root url="jar://C:/Program Files/Java/jdk1.8.0_72/jre/lib/ext/nashorn.jar!/" type="simple" />
            <root url="jar://C:/Program Files/Java/jdk1.8.0_72/jre/lib/ext/sunec.jar!/" type="simple" />
            <root url="jar://C:/Program Files/Java/jdk1.8.0_72/jre/lib/ext/sunjce_provider.jar!/" type="simple" />
            <root url="jar://C:/Program Files/Java/jdk1.8.0_72/jre/lib/ext/sunmscapi.jar!/" type="simple" />
            <root url="jar://C:/Program Files/Java/jdk1.8.0_72/jre/lib/ext/sunpkcs11.jar!/" type="simple" />
            <root url="jar://C:/Program Files/Java/jdk1.8.0_72/jre/lib/ext/zipfs.jar!/" type="simple" />
            <root url="jar://C:/Program Files/Java/jdk1.8.0_72/jre/lib/javaws.jar!/" type="simple" />
            <root url="jar://C:/Program Files/Java/jdk1.8.0_72/jre/lib/jce.jar!/" type="simple" />
            <root url="jar://C:/Program Files/Java/jdk1.8.0_72/jre/lib/jfr.jar!/" type="simple" />
            <root url="jar://C:/Program Files/Java/jdk1.8.0_72/jre/lib/jfxswt.jar!/" type="simple" />
            <root url="jar://C:/Program Files/Java/jdk1.8.0_72/jre/lib/jsse.jar!/" type="simple" />
            <root url="jar://C:/Program Files/Java/jdk1.8.0_72/jre/lib/management-agent.jar!/" type="simple" />
            <root url="jar://C:/Program Files/Java/jdk1.8.0_72/jre/lib/plugin.jar!/" type="simple" />
            <root url="jar://C:/Program Files/Java/jdk1.8.0_72/jre/lib/resources.jar!/" type="simple" />
            <root url="jar://C:/Program Files/Java/jdk1.8.0_72/jre/lib/rt.jar!/" type="simple" />
          </root>
        </classPath>
        <javadocPath>
          <root type="composite" />
        </javadocPath>
        <sourcePath>
          <root type="composite">
            <root url="jar://C:/Program Files/Java/jdk1.8.0_72/src.zip!/" type="simple" />
            <root url="jar://C:/Program Files/Java/jdk1.8.0_72/javafx-src.zip!/" type="simple" />
          </root>
        </sourcePath>
      </roots>
      <additional />
    </jdk>
    <jdk version="2">
      <name value="1.7" />
      <type value="JavaSDK" />
      <version value="java version &quot;1.7&quot;" />
      <homePath value="D:/java/ibm_sdk71" />
      <roots>
        <annotationsPath>
          <root type="composite">
            <root url="jar://$APPLICATION_HOME_DIR$/plugins/java/lib/jdkAnnotations.jar!/" type="simple" />
          </root>
        </annotationsPath>
        <classPath>
          <root type="composite">
            <root url="jar://D:/java/ibm_sdk71/jre/bin/default/jclSC170/vm.jar!/" type="simple" />
            <root url="jar://D:/java/ibm_sdk71/jre/lib/aggressive.jar!/" type="simple" />
            <root url="jar://D:/java/ibm_sdk71/jre/lib/charsets.jar!/" type="simple" />
            <root url="jar://D:/java/ibm_sdk71/jre/lib/cuda4j.jar!/" type="simple" />
            <root url="jar://D:/java/ibm_sdk71/jre/lib/dataaccess.jar!/" type="simple" />
            <root url="jar://D:/java/ibm_sdk71/jre/lib/deploy.jar!/" type="simple" />
            <root url="jar://D:/java/ibm_sdk71/jre/lib/ext/CmpCrmf.jar!/" type="simple" />
            <root url="jar://D:/java/ibm_sdk71/jre/lib/ext/IBMSecureRandom.jar!/" type="simple" />
            <root url="jar://D:/java/ibm_sdk71/jre/lib/ext/JawBridge.jar!/" type="simple" />
            <root url="jar://D:/java/ibm_sdk71/jre/lib/ext/access-bridge-64.jar!/" type="simple" />
            <root url="jar://D:/java/ibm_sdk71/jre/lib/ext/bcpg-jdk15on-160.jar!/" type="simple" />
            <root url="jar://D:/java/ibm_sdk71/jre/lib/ext/bcprov-jdk15on-160.jar!/" type="simple" />
            <root url="jar://D:/java/ibm_sdk71/jre/lib/ext/dnsns.jar!/" type="simple" />
            <root url="jar://D:/java/ibm_sdk71/jre/lib/ext/dtfj-interface.jar!/" type="simple" />
            <root url="jar://D:/java/ibm_sdk71/jre/lib/ext/dtfj.jar!/" type="simple" />
            <root url="jar://D:/java/ibm_sdk71/jre/lib/ext/dtfjview.jar!/" type="simple" />
            <root url="jar://D:/java/ibm_sdk71/jre/lib/ext/gskikm.jar!/" type="simple" />
            <root url="jar://D:/java/ibm_sdk71/jre/lib/ext/healthcenter.jar!/" type="simple" />
            <root url="jar://D:/java/ibm_sdk71/jre/lib/ext/ibmcac.jar!/" type="simple" />
            <root url="jar://D:/java/ibm_sdk71/jre/lib/ext/ibmcmsprovider.jar!/" type="simple" />
            <root url="jar://D:/java/ibm_sdk71/jre/lib/ext/ibmjcefips.jar!/" type="simple" />
            <root url="jar://D:/java/ibm_sdk71/jre/lib/ext/ibmjceprovider.jar!/" type="simple" />
            <root url="jar://D:/java/ibm_sdk71/jre/lib/ext/ibmkeycert.jar!/" type="simple" />
            <root url="jar://D:/java/ibm_sdk71/jre/lib/ext/ibmpkcs11impl.jar!/" type="simple" />
            <root url="jar://D:/java/ibm_sdk71/jre/lib/ext/ibmsaslprovider.jar!/" type="simple" />
            <root url="jar://D:/java/ibm_sdk71/jre/lib/ext/ibmxmlcrypto.jar!/" type="simple" />
            <root url="jar://D:/java/ibm_sdk71/jre/lib/ext/ibmxmlencprovider.jar!/" type="simple" />
            <root url="jar://D:/java/ibm_sdk71/jre/lib/ext/jaccess.jar!/" type="simple" />
            <root url="jar://D:/java/ibm_sdk71/jre/lib/ext/javascript.jar!/" type="simple" />
            <root url="jar://D:/java/ibm_sdk71/jre/lib/ext/jdmpview.jar!/" type="simple" />
            <root url="jar://D:/java/ibm_sdk71/jre/lib/ext/localedata.jar!/" type="simple" />
            <root url="jar://D:/java/ibm_sdk71/jre/lib/ext/traceformat.jar!/" type="simple" />
            <root url="jar://D:/java/ibm_sdk71/jre/lib/ext/xmlencfw.jar!/" type="simple" />
            <root url="jar://D:/java/ibm_sdk71/jre/lib/ext/zipfs.jar!/" type="simple" />
            <root url="jar://D:/java/ibm_sdk71/jre/lib/ibmcertpathfw.jar!/" type="simple" />
            <root url="jar://D:/java/ibm_sdk71/jre/lib/ibmcertpathprovider.jar!/" type="simple" />
            <root url="jar://D:/java/ibm_sdk71/jre/lib/ibmcfw.jar!/" type="simple" />
            <root url="jar://D:/java/ibm_sdk71/jre/lib/ibmgpu.jar!/" type="simple" />
            <root url="jar://D:/java/ibm_sdk71/jre/lib/ibmjcefw.jar!/" type="simple" />
            <root url="jar://D:/java/ibm_sdk71/jre/lib/ibmjgssfw.jar!/" type="simple" />
            <root url="jar://D:/java/ibm_sdk71/jre/lib/ibmjgssprovider.jar!/" type="simple" />
            <root url="jar://D:/java/ibm_sdk71/jre/lib/ibmjssefw.jar!/" type="simple" />
            <root url="jar://D:/java/ibm_sdk71/jre/lib/ibmjsseprovider2.jar!/" type="simple" />
            <root url="jar://D:/java/ibm_sdk71/jre/lib/ibmorb.jar!/" type="simple" />
            <root url="jar://D:/java/ibm_sdk71/jre/lib/ibmorbapi.jar!/" type="simple" />
            <root url="jar://D:/java/ibm_sdk71/jre/lib/ibmpkcs.jar!/" type="simple" />
            <root url="jar://D:/java/ibm_sdk71/jre/lib/ibmsaslfw.jar!/" type="simple" />
            <root url="jar://D:/java/ibm_sdk71/jre/lib/javaws.jar!/" type="simple" />
            <root url="jar://D:/java/ibm_sdk71/jre/lib/jlm.jar!/" type="simple" />
            <root url="jar://D:/java/ibm_sdk71/jre/lib/jlm.src.jar!/" type="simple" />
            <root url="jar://D:/java/ibm_sdk71/jre/lib/management-agent.jar!/" type="simple" />
            <root url="jar://D:/java/ibm_sdk71/jre/lib/math.jar!/" type="simple" />
            <root url="jar://D:/java/ibm_sdk71/jre/lib/plugin.jar!/" type="simple" />
            <root url="jar://D:/java/ibm_sdk71/jre/lib/resources.jar!/" type="simple" />
            <root url="jar://D:/java/ibm_sdk71/jre/lib/rt.jar!/" type="simple" />
            <root url="jar://D:/java/ibm_sdk71/jre/lib/se-service.jar!/" type="simple" />
            <root url="jar://D:/java/ibm_sdk71/jre/lib/xml.jar!/" type="simple" />
            <root url="jar://D:/java/ibm_sdk71/jre/lib/xmldsigfw.jar!/" type="simple" />
          </root>
        </classPath>
        <javadocPath>
          <root type="composite" />
        </javadocPath>
        <sourcePath>
          <root type="composite">
            <root url="jar://D:/java/ibm_sdk71/src.zip!/" type="simple" />
          </root>
        </sourcePath>
      </roots>
      <additional />
    </jdk>
  </component>
</application>