<keymap version="1" name="Garlam" parent="Eclipse">
  <action id="Android.HotswapChanges" />
  <action id="Arrangement.Alias.Rule.Edit" />
  <action id="Arrangement.Rule.Edit" />
  <action id="CheckinProject">
    <keyboard-shortcut first-keystroke="alt k" />
  </action>
  <action id="ChooseNextSubsequentPropertyValueEditorAction" />
  <action id="ChoosePrevSubsequentPropertyValueEditorAction" />
  <action id="CloseAllEditors">
    <keyboard-shortcut first-keystroke="shift ctrl f4" />
    <keyboard-shortcut first-keystroke="ctrl alt w" />
  </action>
  <action id="CollapseAllRegions">
    <keyboard-shortcut first-keystroke="shift ctrl divide" />
    <keyboard-shortcut first-keystroke="alt minus" />
  </action>
  <action id="Console.Execute.Multiline">
    <keyboard-shortcut first-keystroke="ctrl enter" />
    <keyboard-shortcut first-keystroke="f5" />
  </action>
  <action id="Console.Open">
    <keyboard-shortcut first-keystroke="shift ctrl f10" />
    <keyboard-shortcut first-keystroke="shift c" />
  </action>
  <action id="Console.TableResult.EditValue">
    <keyboard-shortcut first-keystroke="enter" />
    <keyboard-shortcut first-keystroke="alt enter" />
  </action>
  <action id="ConsoleView.ClearAll">
    <keyboard-shortcut first-keystroke="alt back_space" />
  </action>
  <action id="ContextHelp" />
  <action id="DSM.ZoomIn">
    <keyboard-shortcut first-keystroke="ctrl add" />
  </action>
  <action id="Debug">
    <keyboard-shortcut first-keystroke="shift alt d" />
    <keyboard-shortcut first-keystroke="f3" />
  </action>
  <action id="Debugger.EditArrayFilter" />
  <action id="Debugger.EditCustomField" />
  <action id="DecrementWindowHeight" />
  <action id="EditorCutLineBackward">
    <keyboard-shortcut first-keystroke="shift ctrl up" />
  </action>
  <action id="EditorDuplicateLines">
    <keyboard-shortcut first-keystroke="alt c" />
  </action>
  <action id="EditorLookupDown" />
  <action id="EditorLookupUp" />
  <action id="EditorScrollDown" />
  <action id="EditorScrollUp" />
  <action id="EditorSetRtlBidiTextDirection">
    <keyboard-shortcut first-keystroke="ctrl alt slash" />
  </action>
  <action id="ExpandAllRegions">
    <keyboard-shortcut first-keystroke="alt equals" />
  </action>
  <action id="ExternalSystem.ExpandAll">
    <keyboard-shortcut first-keystroke="ctrl add" />
  </action>
  <action id="Find">
    <keyboard-shortcut first-keystroke="ctrl q" />
  </action>
  <action id="FindPrevious" />
  <action id="FixDocComment">
    <keyboard-shortcut first-keystroke="shift alt 5" />
  </action>
  <action id="GotoDeclaration">
    <mouse-shortcut keystroke="control button1" />
  </action>
  <action id="Graph.ApplyCurrentLayout" />
  <action id="IlluminatedCloud.SaveAll">
    <keyboard-shortcut first-keystroke="ctrl s" />
  </action>
  <action id="Images.Editor.ZoomIn">
    <keyboard-shortcut first-keystroke="ctrl add" />
  </action>
  <action id="IncrementWindowHeight" />
  <action id="JRebel Debug">
    <keyboard-shortcut first-keystroke="shift ctrl w" />
  </action>
  <action id="JRebel Executor">
    <keyboard-shortcut first-keystroke="f10" />
  </action>
  <action id="Jdbc.OpenEditor.DDL">
    <mouse-shortcut keystroke="control button1" />
  </action>
  <action id="JumpToLastChange" />
  <action id="MethodDown" />
  <action id="MethodOverloadSwitchDown" />
  <action id="MethodOverloadSwitchUp" />
  <action id="MethodUp" />
  <action id="MoveLineDown">
    <keyboard-shortcut first-keystroke="ctrl down" />
  </action>
  <action id="MoveLineUp">
    <keyboard-shortcut first-keystroke="ctrl up" />
  </action>
  <action id="NewScratchFile">
    <keyboard-shortcut first-keystroke="alt t" />
  </action>
  <action id="QuickJavaDoc">
    <mouse-shortcut keystroke="alt button2" />
    <keyboard-shortcut first-keystroke="shift ctrl space" />
  </action>
  <action id="RenameElement">
    <keyboard-shortcut first-keystroke="shift alt r" />
    <keyboard-shortcut first-keystroke="f2" />
  </action>
  <action id="ResizeToolWindowDown" />
  <action id="ResizeToolWindowUp" />
  <action id="Run">
    <keyboard-shortcut first-keystroke="shift f10" />
    <keyboard-shortcut first-keystroke="alt p" />
  </action>
  <action id="RunClass">
    <keyboard-shortcut first-keystroke="f1" />
  </action>
  <action id="SaveAll" />
  <action id="SearchEverywhere.NavigateToNextGroup">
    <keyboard-shortcut first-keystroke="page_down" />
  </action>
  <action id="SearchEverywhere.NavigateToPrevGroup">
    <keyboard-shortcut first-keystroke="page_up" />
  </action>
  <action id="ShowPopupMenu">
    <keyboard-shortcut first-keystroke="ctrl n" />
    <keyboard-shortcut first-keystroke="shift alt s" />
    <keyboard-shortcut first-keystroke="shift alt t" />
  </action>
  <action id="StepInto" />
  <action id="Stop">
    <keyboard-shortcut first-keystroke="ctrl f2" />
    <keyboard-shortcut first-keystroke="shift alt 2" />
    <keyboard-shortcut first-keystroke="f4" />
  </action>
  <action id="TypeHierarchy" />
  <action id="TypeHierarchyBase.BaseOnThisType" />
  <action id="Vcs.UpdateProject">
    <keyboard-shortcut first-keystroke="alt u" />
  </action>
  <action id="XDebugger.EditWatch" />
  <action id="XDebugger.MoveWatchUp" />
  <action id="XDebugger.SetValue" />
  <action id="editRunConfigurations">
    <keyboard-shortcut first-keystroke="alt e" />
  </action>
  <action id="javaee.UpdateRunningApplication">
    <keyboard-shortcut first-keystroke="ctrl f10" />
    <keyboard-shortcut first-keystroke="ctrl alt q" />
  </action>
</keymap>