<application>
  <component name="libraryTable">
    <library name="lib">
      <CLASSES>
        <root url="jar://$USER_HOME$/IdeaProjects/spring-boot/lib/dnsjava-3.3.1.jar!/" />
      </CLASSES>
      <JAVADOC />
      <SOURCES>
        <root url="file://$USER_HOME$/IdeaProjects/spring-boot/lib" />
      </SOURCES>
      <jarDirectory url="file://$USER_HOME$/IdeaProjects/spring-boot/lib" recursive="false" type="SOURCES" />
    </library>
    <library name="oracle_driver">
      <CLASSES>
        <root url="file://$USER_HOME$/IdeaProjects/spring-boot/doc/oracle/oracle_driver" />
      </CLASSES>
      <JAVADOC />
      <SOURCES />
      <jarDirectory url="file://$USER_HOME$/IdeaProjects/spring-boot/doc/oracle/oracle_driver" recursive="false" />
    </library>
  </component>
</application>