<application>
  <component name="LocalDatabaseDriverManager" version="201">
    <driver id="mariadb">
      <artifact id="MariaDB Connector J" name="MariaDB Connector J" use="true" version="2.6.0" />
    </driver>
    <driver id="mysql.8">
      <artifact id="MySQL Connector/J 8" name="MySQL Connector/J 8" use="true" version="8.0.15" />
    </driver>
    <driver id="oracle.19">
      <artifact id="Oracle" name="Oracle" use="true" version="21.1.0.0" />
    </driver>
    <driver id="oracle" dialect="OracleSqlPlus">
      <artifact id="Oracle" name="Oracle" use="true" version="12.2.0.1" />
    </driver>
  </component>
</application>